{
    "mean_loss": 0.5233039855957031,
    "mean_accuracy": 0.739115929941618,
    "mean_auprc": 0.5107986992310664,
    "mean_auroc": 0.8541824965044296,
    "std_loss": 0.061007339507341385,
    "std_accuracy": 0.026137975004662577,
    "std_auprc": 0.022969634338327483,
    "std_auroc": 0.013330092359164837,
    "batch_size": 128,
    "epochs:": 5
}