{
    "mean_loss": 0.4199462831020355,
    "mean_accuracy": 0.7916597164303587,
    "mean_auprc": 0.5092321138298658,
    "mean_auroc": 0.8496538593288033,
    "std_loss": 0.05259653553366661,
    "std_accuracy": 0.02713554549813213,
    "std_auprc": 0.023161280648150172,
    "std_auroc": 0.0062140541501283725,
    "batch_size": 128,
    "epochs": 5
}